2354,http://www.Department1.University0.edu/ResearchGroup1
2366,http://www.Department1.University0.edu/ResearchGroup13
3592,http://www.Department10.University0.edu/ResearchGroup6
4799,http://www.Department11.University0.edu/ResearchGroup3
5963,http://www.Department12.University0.edu/ResearchGroup2
7206,http://www.Department13.University0.edu/ResearchGroup3
8174,http://www.Department14.University0.edu/ResearchGroup2
9208,http://www.Department2.University0.edu/ResearchGroup2
10247,http://www.Department3.University0.edu/ResearchGroup1
10259,http://www.Department3.University0.edu/ResearchGroup13
11404,http://www.Department4.University0.edu/ResearchGroup7
11416,http://www.Department4.University0.edu/ResearchGroup19
12490,http://www.Department5.University0.edu/ResearchGroup11
13466,http://www.Department6.University0.edu/ResearchGroup9
14609,http://www.Department7.University0.edu/ResearchGroup5
14621,http://www.Department7.University0.edu/ResearchGroup17
15792,http://www.Department8.University0.edu/ResearchGroup9
16812,http://www.Department9.University0.edu/ResearchGroup3
17724,http://www.Department0.University1.edu/ResearchGroup3
18869,http://www.Department1.University1.edu/ResearchGroup1
19917,http://www.Department10.University1.edu/ResearchGroup2
19929,http://www.Department10.University1.edu/ResearchGroup14
20862,http://www.Department11.University1.edu/ResearchGroup9
21946,http://www.Department12.University1.edu/ResearchGroup4
23206,http://www.Department13.University1.edu/ResearchGroup2
23218,http://www.Department13.University1.edu/ResearchGroup14
24311,http://www.Department14.University1.edu/ResearchGroup6
25413,http://www.Department15.University1.edu/ResearchGroup0
25425,http://www.Department15.University1.edu/ResearchGroup12
26667,http://www.Department16.University1.edu/ResearchGroup6
27764,http://www.Department17.University1.edu/ResearchGroup0
27776,http://www.Department17.University1.edu/ResearchGroup12
28775,http://www.Department18.University1.edu/ResearchGroup5
29924,http://www.Department2.University1.edu/ResearchGroup2
29936,http://www.Department2.University1.edu/ResearchGroup14
31140,http://www.Department3.University1.edu/ResearchGroup10
32198,http://www.Department4.University1.edu/ResearchGroup7
33428,http://www.Department5.University1.edu/ResearchGroup9
34586,http://www.Department6.University1.edu/ResearchGroup2
34598,http://www.Department6.University1.edu/ResearchGroup14
35784,http://www.Department7.University1.edu/ResearchGroup7
36794,http://www.Department8.University1.edu/ResearchGroup9
37916,http://www.Department9.University1.edu/ResearchGroup9
38963,http://www.Department0.University2.edu/ResearchGroup9
40015,http://www.Department1.University2.edu/ResearchGroup6
41034,http://www.Department10.University2.edu/ResearchGroup3
41046,http://www.Department10.University2.edu/ResearchGroup15
42153,http://www.Department11.University2.edu/ResearchGroup9
43285,http://www.Department12.University2.edu/ResearchGroup8
44418,http://www.Department13.University2.edu/ResearchGroup0
44430,http://www.Department13.University2.edu/ResearchGroup12
45505,http://www.Department14.University2.edu/ResearchGroup5
46436,http://www.Department15.University2.edu/ResearchGroup4
47444,http://www.Department2.University2.edu/ResearchGroup1
48462,http://www.Department3.University2.edu/ResearchGroup2
48474,http://www.Department3.University2.edu/ResearchGroup14
49486,http://www.Department4.University2.edu/ResearchGroup10
50665,http://www.Department5.University2.edu/ResearchGroup2
50677,http://www.Department5.University2.edu/ResearchGroup14
51765,http://www.Department6.University2.edu/ResearchGroup7
51777,http://www.Department6.University2.edu/ResearchGroup19
54058,http://www.Department8.University2.edu/ResearchGroup1
55256,http://www.Department9.University2.edu/ResearchGroup3
56346,http://www.Department0.University3.edu/ResearchGroup1
56358,http://www.Department0.University3.edu/ResearchGroup13
57406,http://www.Department1.University3.edu/ResearchGroup7
57418,http://www.Department1.University3.edu/ResearchGroup19
59576,http://www.Department11.University3.edu/ResearchGroup1
59588,http://www.Department11.University3.edu/ResearchGroup13
61968,http://www.Department13.University3.edu/ResearchGroup0
61980,http://www.Department13.University3.edu/ResearchGroup12
62948,http://www.Department14.University3.edu/ResearchGroup10
63912,http://www.Department15.University3.edu/ResearchGroup8
66188,http://www.Department17.University3.edu/ResearchGroup0
67242,http://www.Department18.University3.edu/ResearchGroup1
68294,http://www.Department19.University3.edu/ResearchGroup3
68306,http://www.Department19.University3.edu/ResearchGroup15
69282,http://www.Department2.University3.edu/ResearchGroup10
70210,http://www.Department20.University3.edu/ResearchGroup11
71261,http://www.Department3.University3.edu/ResearchGroup7
71273,http://www.Department3.University3.edu/ResearchGroup19
72400,http://www.Department4.University3.edu/ResearchGroup11
73525,http://www.Department5.University3.edu/ResearchGroup4
74591,http://www.Department6.University3.edu/ResearchGroup6
75842,http://www.Department7.University3.edu/ResearchGroup7
77023,http://www.Department8.University3.edu/ResearchGroup5
77035,http://www.Department8.University3.edu/ResearchGroup17
78173,http://www.Department9.University3.edu/ResearchGroup10
1085,http://www.Department0.University0.edu/ResearchGroup0
2355,http://www.Department1.University0.edu/ResearchGroup2
2367,http://www.Department1.University0.edu/ResearchGroup14
3593,http://www.Department10.University0.edu/ResearchGroup7
4800,http://www.Department11.University0.edu/ResearchGroup4
5964,http://www.Department12.University0.edu/ResearchGroup3
7207,http://www.Department13.University0.edu/ResearchGroup4
8175,http://www.Department14.University0.edu/ResearchGroup3
9209,http://www.Department2.University0.edu/ResearchGroup3
10248,http://www.Department3.University0.edu/ResearchGroup2
10260,http://www.Department3.University0.edu/ResearchGroup14
11405,http://www.Department4.University0.edu/ResearchGroup8
12479,http://www.Department5.University0.edu/ResearchGroup0
12491,http://www.Department5.University0.edu/ResearchGroup12
13467,http://www.Department6.University0.edu/ResearchGroup10
14610,http://www.Department7.University0.edu/ResearchGroup6
14622,http://www.Department7.University0.edu/ResearchGroup18
15793,http://www.Department8.University0.edu/ResearchGroup10
16813,http://www.Department9.University0.edu/ResearchGroup4
17725,http://www.Department0.University1.edu/ResearchGroup4
18870,http://www.Department1.University1.edu/ResearchGroup2
19918,http://www.Department10.University1.edu/ResearchGroup3
19930,http://www.Department10.University1.edu/ResearchGroup15
20863,http://www.Department11.University1.edu/ResearchGroup10
21947,http://www.Department12.University1.edu/ResearchGroup5
23207,http://www.Department13.University1.edu/ResearchGroup3
23219,http://www.Department13.University1.edu/ResearchGroup15
24312,http://www.Department14.University1.edu/ResearchGroup7
25414,http://www.Department15.University1.edu/ResearchGroup1
25426,http://www.Department15.University1.edu/ResearchGroup13
26668,http://www.Department16.University1.edu/ResearchGroup7
27765,http://www.Department17.University1.edu/ResearchGroup1
27777,http://www.Department17.University1.edu/ResearchGroup13
28776,http://www.Department18.University1.edu/ResearchGroup6
29925,http://www.Department2.University1.edu/ResearchGroup3
29937,http://www.Department2.University1.edu/ResearchGroup15
31141,http://www.Department3.University1.edu/ResearchGroup11
32199,http://www.Department4.University1.edu/ResearchGroup8
33429,http://www.Department5.University1.edu/ResearchGroup10
34587,http://www.Department6.University1.edu/ResearchGroup3
34599,http://www.Department6.University1.edu/ResearchGroup15
35785,http://www.Department7.University1.edu/ResearchGroup8
36795,http://www.Department8.University1.edu/ResearchGroup10
37917,http://www.Department9.University1.edu/ResearchGroup10
38964,http://www.Department0.University2.edu/ResearchGroup10
40016,http://www.Department1.University2.edu/ResearchGroup7
41035,http://www.Department10.University2.edu/ResearchGroup4
41047,http://www.Department10.University2.edu/ResearchGroup16
42154,http://www.Department11.University2.edu/ResearchGroup10
43286,http://www.Department12.University2.edu/ResearchGroup9
44419,http://www.Department13.University2.edu/ResearchGroup1
44431,http://www.Department13.University2.edu/ResearchGroup13
45506,http://www.Department14.University2.edu/ResearchGroup6
46437,http://www.Department15.University2.edu/ResearchGroup5
47445,http://www.Department2.University2.edu/ResearchGroup2
48463,http://www.Department3.University2.edu/ResearchGroup3
48475,http://www.Department3.University2.edu/ResearchGroup15
49487,http://www.Department4.University2.edu/ResearchGroup11
50666,http://www.Department5.University2.edu/ResearchGroup3
50678,http://www.Department5.University2.edu/ResearchGroup15
51766,http://www.Department6.University2.edu/ResearchGroup8
52819,http://www.Department7.University2.edu/ResearchGroup0
54059,http://www.Department8.University2.edu/ResearchGroup2
55257,http://www.Department9.University2.edu/ResearchGroup4
56347,http://www.Department0.University3.edu/ResearchGroup2
56359,http://www.Department0.University3.edu/ResearchGroup14
57407,http://www.Department1.University3.edu/ResearchGroup8
58459,http://www.Department10.University3.edu/ResearchGroup0
59577,http://www.Department11.University3.edu/ResearchGroup2
60825,http://www.Department12.University3.edu/ResearchGroup0
61969,http://www.Department13.University3.edu/ResearchGroup1
61981,http://www.Department13.University3.edu/ResearchGroup13
62949,http://www.Department14.University3.edu/ResearchGroup11
63913,http://www.Department15.University3.edu/ResearchGroup9
66189,http://www.Department17.University3.edu/ResearchGroup1
67243,http://www.Department18.University3.edu/ResearchGroup2
68295,http://www.Department19.University3.edu/ResearchGroup4
68307,http://www.Department19.University3.edu/ResearchGroup16
70199,http://www.Department20.University3.edu/ResearchGroup0
70211,http://www.Department20.University3.edu/ResearchGroup12
71262,http://www.Department3.University3.edu/ResearchGroup8
72389,http://www.Department4.University3.edu/ResearchGroup0
72401,http://www.Department4.University3.edu/ResearchGroup12
73526,http://www.Department5.University3.edu/ResearchGroup5
74592,http://www.Department6.University3.edu/ResearchGroup7
75843,http://www.Department7.University3.edu/ResearchGroup8
77024,http://www.Department8.University3.edu/ResearchGroup6
77036,http://www.Department8.University3.edu/ResearchGroup18
78174,http://www.Department9.University3.edu/ResearchGroup11
1086,http://www.Department0.University0.edu/ResearchGroup1
2356,http://www.Department1.University0.edu/ResearchGroup3
2368,http://www.Department1.University0.edu/ResearchGroup15
3594,http://www.Department10.University0.edu/ResearchGroup8
4801,http://www.Department11.University0.edu/ResearchGroup5
5965,http://www.Department12.University0.edu/ResearchGroup4
7208,http://www.Department13.University0.edu/ResearchGroup5
8176,http://www.Department14.University0.edu/ResearchGroup4
9210,http://www.Department2.University0.edu/ResearchGroup4
10249,http://www.Department3.University0.edu/ResearchGroup3
10261,http://www.Department3.University0.edu/ResearchGroup15
11406,http://www.Department4.University0.edu/ResearchGroup9
12480,http://www.Department5.University0.edu/ResearchGroup1
12492,http://www.Department5.University0.edu/ResearchGroup13
13468,http://www.Department6.University0.edu/ResearchGroup11
14611,http://www.Department7.University0.edu/ResearchGroup7
14623,http://www.Department7.University0.edu/ResearchGroup19
15794,http://www.Department8.University0.edu/ResearchGroup11
16814,http://www.Department9.University0.edu/ResearchGroup5
17726,http://www.Department0.University1.edu/ResearchGroup5
18871,http://www.Department1.University1.edu/ResearchGroup3
19919,http://www.Department10.University1.edu/ResearchGroup4
19931,http://www.Department10.University1.edu/ResearchGroup16
20864,http://www.Department11.University1.edu/ResearchGroup11
21948,http://www.Department12.University1.edu/ResearchGroup6
23208,http://www.Department13.University1.edu/ResearchGroup4
23220,http://www.Department13.University1.edu/ResearchGroup16
24313,http://www.Department14.University1.edu/ResearchGroup8
25415,http://www.Department15.University1.edu/ResearchGroup2
25427,http://www.Department15.University1.edu/ResearchGroup14
26669,http://www.Department16.University1.edu/ResearchGroup8
27766,http://www.Department17.University1.edu/ResearchGroup2
27778,http://www.Department17.University1.edu/ResearchGroup14
28777,http://www.Department18.University1.edu/ResearchGroup7
29926,http://www.Department2.University1.edu/ResearchGroup4
31130,http://www.Department3.University1.edu/ResearchGroup0
31142,http://www.Department3.University1.edu/ResearchGroup12
32200,http://www.Department4.University1.edu/ResearchGroup9
33430,http://www.Department5.University1.edu/ResearchGroup11
34588,http://www.Department6.University1.edu/ResearchGroup4
34600,http://www.Department6.University1.edu/ResearchGroup16
35786,http://www.Department7.University1.edu/ResearchGroup9
36796,http://www.Department8.University1.edu/ResearchGroup11
37918,http://www.Department9.University1.edu/ResearchGroup11
38965,http://www.Department0.University2.edu/ResearchGroup11
40017,http://www.Department1.University2.edu/ResearchGroup8
41036,http://www.Department10.University2.edu/ResearchGroup5
41048,http://www.Department10.University2.edu/ResearchGroup17
42155,http://www.Department11.University2.edu/ResearchGroup11
43287,http://www.Department12.University2.edu/ResearchGroup10
44420,http://www.Department13.University2.edu/ResearchGroup2
44432,http://www.Department13.University2.edu/ResearchGroup14
45507,http://www.Department14.University2.edu/ResearchGroup7
46438,http://www.Department15.University2.edu/ResearchGroup6
47446,http://www.Department2.University2.edu/ResearchGroup3
48464,http://www.Department3.University2.edu/ResearchGroup4
49476,http://www.Department4.University2.edu/ResearchGroup0
49488,http://www.Department4.University2.edu/ResearchGroup12
50667,http://www.Department5.University2.edu/ResearchGroup4
50679,http://www.Department5.University2.edu/ResearchGroup16
51767,http://www.Department6.University2.edu/ResearchGroup9
52820,http://www.Department7.University2.edu/ResearchGroup1
54060,http://www.Department8.University2.edu/ResearchGroup3
55258,http://www.Department9.University2.edu/ResearchGroup5
56348,http://www.Department0.University3.edu/ResearchGroup3
56360,http://www.Department0.University3.edu/ResearchGroup15
57408,http://www.Department1.University3.edu/ResearchGroup9
58460,http://www.Department10.University3.edu/ResearchGroup1
59578,http://www.Department11.University3.edu/ResearchGroup3
60826,http://www.Department12.University3.edu/ResearchGroup1
61970,http://www.Department13.University3.edu/ResearchGroup2
62938,http://www.Department14.University3.edu/ResearchGroup0
62950,http://www.Department14.University3.edu/ResearchGroup12
65048,http://www.Department16.University3.edu/ResearchGroup0
66190,http://www.Department17.University3.edu/ResearchGroup2
67244,http://www.Department18.University3.edu/ResearchGroup3
68296,http://www.Department19.University3.edu/ResearchGroup5
69272,http://www.Department2.University3.edu/ResearchGroup0
70200,http://www.Department20.University3.edu/ResearchGroup1
70212,http://www.Department20.University3.edu/ResearchGroup13
71263,http://www.Department3.University3.edu/ResearchGroup9
72390,http://www.Department4.University3.edu/ResearchGroup1
72402,http://www.Department4.University3.edu/ResearchGroup13
73527,http://www.Department5.University3.edu/ResearchGroup6
74593,http://www.Department6.University3.edu/ResearchGroup8
75844,http://www.Department7.University3.edu/ResearchGroup9
77025,http://www.Department8.University3.edu/ResearchGroup7
78163,http://www.Department9.University3.edu/ResearchGroup0
78175,http://www.Department9.University3.edu/ResearchGroup12
1092,http://www.Department0.University0.edu/ResearchGroup7
2362,http://www.Department1.University0.edu/ResearchGroup9
3588,http://www.Department10.University0.edu/ResearchGroup2
3600,http://www.Department10.University0.edu/ResearchGroup14
4807,http://www.Department11.University0.edu/ResearchGroup11
5971,http://www.Department12.University0.edu/ResearchGroup10
7214,http://www.Department13.University0.edu/ResearchGroup11
8182,http://www.Department14.University0.edu/ResearchGroup10
9216,http://www.Department2.University0.edu/ResearchGroup10
10255,http://www.Department3.University0.edu/ResearchGroup9
11400,http://www.Department4.University0.edu/ResearchGroup3
11412,http://www.Department4.University0.edu/ResearchGroup15
12486,http://www.Department5.University0.edu/ResearchGroup7
13462,http://www.Department6.University0.edu/ResearchGroup5
14605,http://www.Department7.University0.edu/ResearchGroup1
14617,http://www.Department7.University0.edu/ResearchGroup13
15788,http://www.Department8.University0.edu/ResearchGroup5
15800,http://www.Department8.University0.edu/ResearchGroup17
16820,http://www.Department9.University0.edu/ResearchGroup11
17732,http://www.Department0.University1.edu/ResearchGroup11
18877,http://www.Department1.University1.edu/ResearchGroup9
19925,http://www.Department10.University1.edu/ResearchGroup10
20858,http://www.Department11.University1.edu/ResearchGroup5
21942,http://www.Department12.University1.edu/ResearchGroup0
21954,http://www.Department12.University1.edu/ResearchGroup12
23214,http://www.Department13.University1.edu/ResearchGroup10
24307,http://www.Department14.University1.edu/ResearchGroup2
24319,http://www.Department14.University1.edu/ResearchGroup14
25421,http://www.Department15.University1.edu/ResearchGroup8
26663,http://www.Department16.University1.edu/ResearchGroup2
26675,http://www.Department16.University1.edu/ResearchGroup14
27772,http://www.Department17.University1.edu/ResearchGroup8
28771,http://www.Department18.University1.edu/ResearchGroup1
28783,http://www.Department18.University1.edu/ResearchGroup13
29932,http://www.Department2.University1.edu/ResearchGroup10
31136,http://www.Department3.University1.edu/ResearchGroup6
32194,http://www.Department4.University1.edu/ResearchGroup3
33424,http://www.Department5.University1.edu/ResearchGroup5
33436,http://www.Department5.University1.edu/ResearchGroup17
34594,http://www.Department6.University1.edu/ResearchGroup10
35780,http://www.Department7.University1.edu/ResearchGroup3
36790,http://www.Department8.University1.edu/ResearchGroup5
37912,http://www.Department9.University1.edu/ResearchGroup5
38959,http://www.Department0.University2.edu/ResearchGroup5
40011,http://www.Department1.University2.edu/ResearchGroup2
40023,http://www.Department1.University2.edu/ResearchGroup14
41042,http://www.Department10.University2.edu/ResearchGroup11
42149,http://www.Department11.University2.edu/ResearchGroup5
43281,http://www.Department12.University2.edu/ResearchGroup4
43293,http://www.Department12.University2.edu/ResearchGroup16
44426,http://www.Department13.University2.edu/ResearchGroup8
45501,http://www.Department14.University2.edu/ResearchGroup1
46432,http://www.Department15.University2.edu/ResearchGroup0
46444,http://www.Department15.University2.edu/ResearchGroup12
47452,http://www.Department2.University2.edu/ResearchGroup9
48470,http://www.Department3.University2.edu/ResearchGroup10
49482,http://www.Department4.University2.edu/ResearchGroup6
49494,http://www.Department4.University2.edu/ResearchGroup18
50673,http://www.Department5.University2.edu/ResearchGroup10
51761,http://www.Department6.University2.edu/ResearchGroup3
51773,http://www.Department6.University2.edu/ResearchGroup15
52826,http://www.Department7.University2.edu/ResearchGroup7
54066,http://www.Department8.University2.edu/ResearchGroup9
55264,http://www.Department9.University2.edu/ResearchGroup11
56354,http://www.Department0.University3.edu/ResearchGroup9
57402,http://www.Department1.University3.edu/ResearchGroup3
57414,http://www.Department1.University3.edu/ResearchGroup15
58466,http://www.Department10.University3.edu/ResearchGroup7
59584,http://www.Department11.University3.edu/ResearchGroup9
60832,http://www.Department12.University3.edu/ResearchGroup7
61976,http://www.Department13.University3.edu/ResearchGroup8
62944,http://www.Department14.University3.edu/ResearchGroup6
63908,http://www.Department15.University3.edu/ResearchGroup4
65054,http://www.Department16.University3.edu/ResearchGroup6
66196,http://www.Department17.University3.edu/ResearchGroup8
67250,http://www.Department18.University3.edu/ResearchGroup9
68302,http://www.Department19.University3.edu/ResearchGroup11
69278,http://www.Department2.University3.edu/ResearchGroup6
70206,http://www.Department20.University3.edu/ResearchGroup7
71257,http://www.Department3.University3.edu/ResearchGroup3
71269,http://www.Department3.University3.edu/ResearchGroup15
72396,http://www.Department4.University3.edu/ResearchGroup7
73521,http://www.Department5.University3.edu/ResearchGroup0
74587,http://www.Department6.University3.edu/ResearchGroup2
75838,http://www.Department7.University3.edu/ResearchGroup3
77019,http://www.Department8.University3.edu/ResearchGroup1
77031,http://www.Department8.University3.edu/ResearchGroup13
78169,http://www.Department9.University3.edu/ResearchGroup6
1087,http://www.Department0.University0.edu/ResearchGroup2
2357,http://www.Department1.University0.edu/ResearchGroup4
2369,http://www.Department1.University0.edu/ResearchGroup16
3595,http://www.Department10.University0.edu/ResearchGroup9
4802,http://www.Department11.University0.edu/ResearchGroup6
5966,http://www.Department12.University0.edu/ResearchGroup5
7209,http://www.Department13.University0.edu/ResearchGroup6
8177,http://www.Department14.University0.edu/ResearchGroup5
9211,http://www.Department2.University0.edu/ResearchGroup5
10250,http://www.Department3.University0.edu/ResearchGroup4
10262,http://www.Department3.University0.edu/ResearchGroup16
11407,http://www.Department4.University0.edu/ResearchGroup10
12481,http://www.Department5.University0.edu/ResearchGroup2
13457,http://www.Department6.University0.edu/ResearchGroup0
13469,http://www.Department6.University0.edu/ResearchGroup12
14612,http://www.Department7.University0.edu/ResearchGroup8
15783,http://www.Department8.University0.edu/ResearchGroup0
15795,http://www.Department8.University0.edu/ResearchGroup12
16815,http://www.Department9.University0.edu/ResearchGroup6
17727,http://www.Department0.University1.edu/ResearchGroup6
18872,http://www.Department1.University1.edu/ResearchGroup4
19920,http://www.Department10.University1.edu/ResearchGroup5
20853,http://www.Department11.University1.edu/ResearchGroup0
20865,http://www.Department11.University1.edu/ResearchGroup12
21949,http://www.Department12.University1.edu/ResearchGroup7
23209,http://www.Department13.University1.edu/ResearchGroup5
23221,http://www.Department13.University1.edu/ResearchGroup17
24314,http://www.Department14.University1.edu/ResearchGroup9
25416,http://www.Department15.University1.edu/ResearchGroup3
25428,http://www.Department15.University1.edu/ResearchGroup15
26670,http://www.Department16.University1.edu/ResearchGroup9
27767,http://www.Department17.University1.edu/ResearchGroup3
27779,http://www.Department17.University1.edu/ResearchGroup15
28778,http://www.Department18.University1.edu/ResearchGroup8
29927,http://www.Department2.University1.edu/ResearchGroup5
31131,http://www.Department3.University1.edu/ResearchGroup1
31143,http://www.Department3.University1.edu/ResearchGroup13
33419,http://www.Department5.University1.edu/ResearchGroup0
33431,http://www.Department5.University1.edu/ResearchGroup12
34589,http://www.Department6.University1.edu/ResearchGroup5
34601,http://www.Department6.University1.edu/ResearchGroup17
36785,http://www.Department8.University1.edu/ResearchGroup0
37907,http://www.Department9.University1.edu/ResearchGroup0
38954,http://www.Department0.University2.edu/ResearchGroup0
38966,http://www.Department0.University2.edu/ResearchGroup12
40018,http://www.Department1.University2.edu/ResearchGroup9
41037,http://www.Department10.University2.edu/ResearchGroup6
42144,http://www.Department11.University2.edu/ResearchGroup0
42156,http://www.Department11.University2.edu/ResearchGroup12
43288,http://www.Department12.University2.edu/ResearchGroup11
44421,http://www.Department13.University2.edu/ResearchGroup3
44433,http://www.Department13.University2.edu/ResearchGroup15
45508,http://www.Department14.University2.edu/ResearchGroup8
46439,http://www.Department15.University2.edu/ResearchGroup7
47447,http://www.Department2.University2.edu/ResearchGroup4
48465,http://www.Department3.University2.edu/ResearchGroup5
49477,http://www.Department4.University2.edu/ResearchGroup1
49489,http://www.Department4.University2.edu/ResearchGroup13
50668,http://www.Department5.University2.edu/ResearchGroup5
50680,http://www.Department5.University2.edu/ResearchGroup17
51768,http://www.Department6.University2.edu/ResearchGroup10
52821,http://www.Department7.University2.edu/ResearchGroup2
54061,http://www.Department8.University2.edu/ResearchGroup4
55259,http://www.Department9.University2.edu/ResearchGroup6
56349,http://www.Department0.University3.edu/ResearchGroup4
56361,http://www.Department0.University3.edu/ResearchGroup16
57409,http://www.Department1.University3.edu/ResearchGroup10
58461,http://www.Department10.University3.edu/ResearchGroup2
59579,http://www.Department11.University3.edu/ResearchGroup4
60827,http://www.Department12.University3.edu/ResearchGroup2
61971,http://www.Department13.University3.edu/ResearchGroup3
62939,http://www.Department14.University3.edu/ResearchGroup1
62951,http://www.Department14.University3.edu/ResearchGroup13
65049,http://www.Department16.University3.edu/ResearchGroup1
66191,http://www.Department17.University3.edu/ResearchGroup3
67245,http://www.Department18.University3.edu/ResearchGroup4
68297,http://www.Department19.University3.edu/ResearchGroup6
69273,http://www.Department2.University3.edu/ResearchGroup1
70201,http://www.Department20.University3.edu/ResearchGroup2
70213,http://www.Department20.University3.edu/ResearchGroup14
71264,http://www.Department3.University3.edu/ResearchGroup10
72391,http://www.Department4.University3.edu/ResearchGroup2
72403,http://www.Department4.University3.edu/ResearchGroup14
73528,http://www.Department5.University3.edu/ResearchGroup7
74594,http://www.Department6.University3.edu/ResearchGroup9
75845,http://www.Department7.University3.edu/ResearchGroup10
77026,http://www.Department8.University3.edu/ResearchGroup8
78164,http://www.Department9.University3.edu/ResearchGroup1
78176,http://www.Department9.University3.edu/ResearchGroup13
1091,http://www.Department0.University0.edu/ResearchGroup6
2361,http://www.Department1.University0.edu/ResearchGroup8
3587,http://www.Department10.University0.edu/ResearchGroup1
3599,http://www.Department10.University0.edu/ResearchGroup13
4806,http://www.Department11.University0.edu/ResearchGroup10
5970,http://www.Department12.University0.edu/ResearchGroup9
7213,http://www.Department13.University0.edu/ResearchGroup10
8181,http://www.Department14.University0.edu/ResearchGroup9
9215,http://www.Department2.University0.edu/ResearchGroup9
10254,http://www.Department3.University0.edu/ResearchGroup8
11399,http://www.Department4.University0.edu/ResearchGroup2
11411,http://www.Department4.University0.edu/ResearchGroup14
12485,http://www.Department5.University0.edu/ResearchGroup6
13461,http://www.Department6.University0.edu/ResearchGroup4
14604,http://www.Department7.University0.edu/ResearchGroup0
14616,http://www.Department7.University0.edu/ResearchGroup12
15787,http://www.Department8.University0.edu/ResearchGroup4
15799,http://www.Department8.University0.edu/ResearchGroup16
16819,http://www.Department9.University0.edu/ResearchGroup10
17731,http://www.Department0.University1.edu/ResearchGroup10
18876,http://www.Department1.University1.edu/ResearchGroup8
19924,http://www.Department10.University1.edu/ResearchGroup9
20857,http://www.Department11.University1.edu/ResearchGroup4
20869,http://www.Department11.University1.edu/ResearchGroup16
21953,http://www.Department12.University1.edu/ResearchGroup11
23213,http://www.Department13.University1.edu/ResearchGroup9
24306,http://www.Department14.University1.edu/ResearchGroup1
24318,http://www.Department14.University1.edu/ResearchGroup13
25420,http://www.Department15.University1.edu/ResearchGroup7
26662,http://www.Department16.University1.edu/ResearchGroup1
26674,http://www.Department16.University1.edu/ResearchGroup13
27771,http://www.Department17.University1.edu/ResearchGroup7
28770,http://www.Department18.University1.edu/ResearchGroup0
28782,http://www.Department18.University1.edu/ResearchGroup12
29931,http://www.Department2.University1.edu/ResearchGroup9
31135,http://www.Department3.University1.edu/ResearchGroup5
32193,http://www.Department4.University1.edu/ResearchGroup2
33423,http://www.Department5.University1.edu/ResearchGroup4
33435,http://www.Department5.University1.edu/ResearchGroup16
34593,http://www.Department6.University1.edu/ResearchGroup9
35779,http://www.Department7.University1.edu/ResearchGroup2
36789,http://www.Department8.University1.edu/ResearchGroup4
37911,http://www.Department9.University1.edu/ResearchGroup4
38958,http://www.Department0.University2.edu/ResearchGroup4
40010,http://www.Department1.University2.edu/ResearchGroup1
40022,http://www.Department1.University2.edu/ResearchGroup13
41041,http://www.Department10.University2.edu/ResearchGroup10
42148,http://www.Department11.University2.edu/ResearchGroup4
43280,http://www.Department12.University2.edu/ResearchGroup3
43292,http://www.Department12.University2.edu/ResearchGroup15
44425,http://www.Department13.University2.edu/ResearchGroup7
45500,http://www.Department14.University2.edu/ResearchGroup0
45512,http://www.Department14.University2.edu/ResearchGroup12
46443,http://www.Department15.University2.edu/ResearchGroup11
47451,http://www.Department2.University2.edu/ResearchGroup8
48469,http://www.Department3.University2.edu/ResearchGroup9
49481,http://www.Department4.University2.edu/ResearchGroup5
49493,http://www.Department4.University2.edu/ResearchGroup17
50672,http://www.Department5.University2.edu/ResearchGroup9
51760,http://www.Department6.University2.edu/ResearchGroup2
51772,http://www.Department6.University2.edu/ResearchGroup14
52825,http://www.Department7.University2.edu/ResearchGroup6
54065,http://www.Department8.University2.edu/ResearchGroup8
55263,http://www.Department9.University2.edu/ResearchGroup10
56353,http://www.Department0.University3.edu/ResearchGroup8
57401,http://www.Department1.University3.edu/ResearchGroup2
57413,http://www.Department1.University3.edu/ResearchGroup14
58465,http://www.Department10.University3.edu/ResearchGroup6
59583,http://www.Department11.University3.edu/ResearchGroup8
60831,http://www.Department12.University3.edu/ResearchGroup6
61975,http://www.Department13.University3.edu/ResearchGroup7
62943,http://www.Department14.University3.edu/ResearchGroup5
63907,http://www.Department15.University3.edu/ResearchGroup3
65053,http://www.Department16.University3.edu/ResearchGroup5
66195,http://www.Department17.University3.edu/ResearchGroup7
67249,http://www.Department18.University3.edu/ResearchGroup8
68301,http://www.Department19.University3.edu/ResearchGroup10
69277,http://www.Department2.University3.edu/ResearchGroup5
70205,http://www.Department20.University3.edu/ResearchGroup6
71256,http://www.Department3.University3.edu/ResearchGroup2
71268,http://www.Department3.University3.edu/ResearchGroup14
72395,http://www.Department4.University3.edu/ResearchGroup6
72407,http://www.Department4.University3.edu/ResearchGroup18
74586,http://www.Department6.University3.edu/ResearchGroup1
75837,http://www.Department7.University3.edu/ResearchGroup2
77018,http://www.Department8.University3.edu/ResearchGroup0
77030,http://www.Department8.University3.edu/ResearchGroup12
78168,http://www.Department9.University3.edu/ResearchGroup5
1094,http://www.Department0.University0.edu/ResearchGroup9
2364,http://www.Department1.University0.edu/ResearchGroup11
3590,http://www.Department10.University0.edu/ResearchGroup4
4797,http://www.Department11.University0.edu/ResearchGroup1
5961,http://www.Department12.University0.edu/ResearchGroup0
7204,http://www.Department13.University0.edu/ResearchGroup1
8172,http://www.Department14.University0.edu/ResearchGroup0
9206,http://www.Department2.University0.edu/ResearchGroup0
9218,http://www.Department2.University0.edu/ResearchGroup12
10257,http://www.Department3.University0.edu/ResearchGroup11
11402,http://www.Department4.University0.edu/ResearchGroup5
11414,http://www.Department4.University0.edu/ResearchGroup17
12488,http://www.Department5.University0.edu/ResearchGroup9
13464,http://www.Department6.University0.edu/ResearchGroup7
14607,http://www.Department7.University0.edu/ResearchGroup3
14619,http://www.Department7.University0.edu/ResearchGroup15
15790,http://www.Department8.University0.edu/ResearchGroup7
16810,http://www.Department9.University0.edu/ResearchGroup1
17722,http://www.Department0.University1.edu/ResearchGroup1
17734,http://www.Department0.University1.edu/ResearchGroup13
19915,http://www.Department10.University1.edu/ResearchGroup0
19927,http://www.Department10.University1.edu/ResearchGroup12
20860,http://www.Department11.University1.edu/ResearchGroup7
21944,http://www.Department12.University1.edu/ResearchGroup2
23204,http://www.Department13.University1.edu/ResearchGroup0
23216,http://www.Department13.University1.edu/ResearchGroup12
24309,http://www.Department14.University1.edu/ResearchGroup4
24321,http://www.Department14.University1.edu/ResearchGroup16
25423,http://www.Department15.University1.edu/ResearchGroup10
26665,http://www.Department16.University1.edu/ResearchGroup4
26677,http://www.Department16.University1.edu/ResearchGroup16
27774,http://www.Department17.University1.edu/ResearchGroup10
28773,http://www.Department18.University1.edu/ResearchGroup3
29922,http://www.Department2.University1.edu/ResearchGroup0
29934,http://www.Department2.University1.edu/ResearchGroup12
31138,http://www.Department3.University1.edu/ResearchGroup8
32196,http://www.Department4.University1.edu/ResearchGroup5
33426,http://www.Department5.University1.edu/ResearchGroup7
34584,http://www.Department6.University1.edu/ResearchGroup0
34596,http://www.Department6.University1.edu/ResearchGroup12
35782,http://www.Department7.University1.edu/ResearchGroup5
36792,http://www.Department8.University1.edu/ResearchGroup7
37914,http://www.Department9.University1.edu/ResearchGroup7
38961,http://www.Department0.University2.edu/ResearchGroup7
40013,http://www.Department1.University2.edu/ResearchGroup4
41032,http://www.Department10.University2.edu/ResearchGroup1
41044,http://www.Department10.University2.edu/ResearchGroup13
42151,http://www.Department11.University2.edu/ResearchGroup7
43283,http://www.Department12.University2.edu/ResearchGroup6
43295,http://www.Department12.University2.edu/ResearchGroup18
44428,http://www.Department13.University2.edu/ResearchGroup10
45503,http://www.Department14.University2.edu/ResearchGroup3
46434,http://www.Department15.University2.edu/ResearchGroup2
46446,http://www.Department15.University2.edu/ResearchGroup14
48460,http://www.Department3.University2.edu/ResearchGroup0
48472,http://www.Department3.University2.edu/ResearchGroup12
49484,http://www.Department4.University2.edu/ResearchGroup8
50663,http://www.Department5.University2.edu/ResearchGroup0
50675,http://www.Department5.University2.edu/ResearchGroup12
51763,http://www.Department6.University2.edu/ResearchGroup5
51775,http://www.Department6.University2.edu/ResearchGroup17
52828,http://www.Department7.University2.edu/ResearchGroup9
55254,http://www.Department9.University2.edu/ResearchGroup1
55266,http://www.Department9.University2.edu/ResearchGroup13
56356,http://www.Department0.University3.edu/ResearchGroup11
57404,http://www.Department1.University3.edu/ResearchGroup5
57416,http://www.Department1.University3.edu/ResearchGroup17
58468,http://www.Department10.University3.edu/ResearchGroup9
59586,http://www.Department11.University3.edu/ResearchGroup11
60834,http://www.Department12.University3.edu/ResearchGroup9
61978,http://www.Department13.University3.edu/ResearchGroup10
62946,http://www.Department14.University3.edu/ResearchGroup8
63910,http://www.Department15.University3.edu/ResearchGroup6
65056,http://www.Department16.University3.edu/ResearchGroup8
66198,http://www.Department17.University3.edu/ResearchGroup10
68292,http://www.Department19.University3.edu/ResearchGroup1
68304,http://www.Department19.University3.edu/ResearchGroup13
69280,http://www.Department2.University3.edu/ResearchGroup8
70208,http://www.Department20.University3.edu/ResearchGroup9
71259,http://www.Department3.University3.edu/ResearchGroup5
71271,http://www.Department3.University3.edu/ResearchGroup17
72398,http://www.Department4.University3.edu/ResearchGroup9
73523,http://www.Department5.University3.edu/ResearchGroup2
74589,http://www.Department6.University3.edu/ResearchGroup4
75840,http://www.Department7.University3.edu/ResearchGroup5
77021,http://www.Department8.University3.edu/ResearchGroup3
77033,http://www.Department8.University3.edu/ResearchGroup15
78171,http://www.Department9.University3.edu/ResearchGroup8
2353,http://www.Department1.University0.edu/ResearchGroup0
2365,http://www.Department1.University0.edu/ResearchGroup12
3591,http://www.Department10.University0.edu/ResearchGroup5
4798,http://www.Department11.University0.edu/ResearchGroup2
5962,http://www.Department12.University0.edu/ResearchGroup1
7205,http://www.Department13.University0.edu/ResearchGroup2
8173,http://www.Department14.University0.edu/ResearchGroup1
9207,http://www.Department2.University0.edu/ResearchGroup1
10246,http://www.Department3.University0.edu/ResearchGroup0
10258,http://www.Department3.University0.edu/ResearchGroup12
11403,http://www.Department4.University0.edu/ResearchGroup6
11415,http://www.Department4.University0.edu/ResearchGroup18
12489,http://www.Department5.University0.edu/ResearchGroup10
13465,http://www.Department6.University0.edu/ResearchGroup8
14608,http://www.Department7.University0.edu/ResearchGroup4
14620,http://www.Department7.University0.edu/ResearchGroup16
15791,http://www.Department8.University0.edu/ResearchGroup8
16811,http://www.Department9.University0.edu/ResearchGroup2
17723,http://www.Department0.University1.edu/ResearchGroup2
18868,http://www.Department1.University1.edu/ResearchGroup0
19916,http://www.Department10.University1.edu/ResearchGroup1
19928,http://www.Department10.University1.edu/ResearchGroup13
20861,http://www.Department11.University1.edu/ResearchGroup8
21945,http://www.Department12.University1.edu/ResearchGroup3
23205,http://www.Department13.University1.edu/ResearchGroup1
23217,http://www.Department13.University1.edu/ResearchGroup13
24310,http://www.Department14.University1.edu/ResearchGroup5
24322,http://www.Department14.University1.edu/ResearchGroup17
25424,http://www.Department15.University1.edu/ResearchGroup11
26666,http://www.Department16.University1.edu/ResearchGroup5
26678,http://www.Department16.University1.edu/ResearchGroup17
27775,http://www.Department17.University1.edu/ResearchGroup11
28774,http://www.Department18.University1.edu/ResearchGroup4
29923,http://www.Department2.University1.edu/ResearchGroup1
29935,http://www.Department2.University1.edu/ResearchGroup13
31139,http://www.Department3.University1.edu/ResearchGroup9
32197,http://www.Department4.University1.edu/ResearchGroup6
33427,http://www.Department5.University1.edu/ResearchGroup8
34585,http://www.Department6.University1.edu/ResearchGroup1
34597,http://www.Department6.University1.edu/ResearchGroup13
35783,http://www.Department7.University1.edu/ResearchGroup6
36793,http://www.Department8.University1.edu/ResearchGroup8
37915,http://www.Department9.University1.edu/ResearchGroup8
38962,http://www.Department0.University2.edu/ResearchGroup8
40014,http://www.Department1.University2.edu/ResearchGroup5
41033,http://www.Department10.University2.edu/ResearchGroup2
41045,http://www.Department10.University2.edu/ResearchGroup14
42152,http://www.Department11.University2.edu/ResearchGroup8
43284,http://www.Department12.University2.edu/ResearchGroup7
43296,http://www.Department12.University2.edu/ResearchGroup19
44429,http://www.Department13.University2.edu/ResearchGroup11
45504,http://www.Department14.University2.edu/ResearchGroup4
46435,http://www.Department15.University2.edu/ResearchGroup3
47443,http://www.Department2.University2.edu/ResearchGroup0
48461,http://www.Department3.University2.edu/ResearchGroup1
48473,http://www.Department3.University2.edu/ResearchGroup13
49485,http://www.Department4.University2.edu/ResearchGroup9
50664,http://www.Department5.University2.edu/ResearchGroup1
50676,http://www.Department5.University2.edu/ResearchGroup13
51764,http://www.Department6.University2.edu/ResearchGroup6
51776,http://www.Department6.University2.edu/ResearchGroup18
54057,http://www.Department8.University2.edu/ResearchGroup0
55255,http://www.Department9.University2.edu/ResearchGroup2
56345,http://www.Department0.University3.edu/ResearchGroup0
56357,http://www.Department0.University3.edu/ResearchGroup12
57405,http://www.Department1.University3.edu/ResearchGroup6
57417,http://www.Department1.University3.edu/ResearchGroup18
59575,http://www.Department11.University3.edu/ResearchGroup0
59587,http://www.Department11.University3.edu/ResearchGroup12
60835,http://www.Department12.University3.edu/ResearchGroup10
61979,http://www.Department13.University3.edu/ResearchGroup11
62947,http://www.Department14.University3.edu/ResearchGroup9
63911,http://www.Department15.University3.edu/ResearchGroup7
65057,http://www.Department16.University3.edu/ResearchGroup9
67241,http://www.Department18.University3.edu/ResearchGroup0
68293,http://www.Department19.University3.edu/ResearchGroup2
68305,http://www.Department19.University3.edu/ResearchGroup14
69281,http://www.Department2.University3.edu/ResearchGroup9
70209,http://www.Department20.University3.edu/ResearchGroup10
71260,http://www.Department3.University3.edu/ResearchGroup6
71272,http://www.Department3.University3.edu/ResearchGroup18
72399,http://www.Department4.University3.edu/ResearchGroup10
73524,http://www.Department5.University3.edu/ResearchGroup3
74590,http://www.Department6.University3.edu/ResearchGroup5
75841,http://www.Department7.University3.edu/ResearchGroup6
77022,http://www.Department8.University3.edu/ResearchGroup4
77034,http://www.Department8.University3.edu/ResearchGroup16
78172,http://www.Department9.University3.edu/ResearchGroup9
1089,http://www.Department0.University0.edu/ResearchGroup4
2359,http://www.Department1.University0.edu/ResearchGroup6
2371,http://www.Department1.University0.edu/ResearchGroup18
3597,http://www.Department10.University0.edu/ResearchGroup11
4804,http://www.Department11.University0.edu/ResearchGroup8
5968,http://www.Department12.University0.edu/ResearchGroup7
7211,http://www.Department13.University0.edu/ResearchGroup8
8179,http://www.Department14.University0.edu/ResearchGroup7
9213,http://www.Department2.University0.edu/ResearchGroup7
10252,http://www.Department3.University0.edu/ResearchGroup6
11397,http://www.Department4.University0.edu/ResearchGroup0
11409,http://www.Department4.University0.edu/ResearchGroup12
12483,http://www.Department5.University0.edu/ResearchGroup4
13459,http://www.Department6.University0.edu/ResearchGroup2
13471,http://www.Department6.University0.edu/ResearchGroup14
14614,http://www.Department7.University0.edu/ResearchGroup10
15785,http://www.Department8.University0.edu/ResearchGroup2
15797,http://www.Department8.University0.edu/ResearchGroup14
16817,http://www.Department9.University0.edu/ResearchGroup8
17729,http://www.Department0.University1.edu/ResearchGroup8
18874,http://www.Department1.University1.edu/ResearchGroup6
19922,http://www.Department10.University1.edu/ResearchGroup7
20855,http://www.Department11.University1.edu/ResearchGroup2
20867,http://www.Department11.University1.edu/ResearchGroup14
21951,http://www.Department12.University1.edu/ResearchGroup9
23211,http://www.Department13.University1.edu/ResearchGroup7
23223,http://www.Department13.University1.edu/ResearchGroup19
24316,http://www.Department14.University1.edu/ResearchGroup11
25418,http://www.Department15.University1.edu/ResearchGroup5
25430,http://www.Department15.University1.edu/ResearchGroup17
26672,http://www.Department16.University1.edu/ResearchGroup11
27769,http://www.Department17.University1.edu/ResearchGroup5
27781,http://www.Department17.University1.edu/ResearchGroup17
28780,http://www.Department18.University1.edu/ResearchGroup10
29929,http://www.Department2.University1.edu/ResearchGroup7
31133,http://www.Department3.University1.edu/ResearchGroup3
32191,http://www.Department4.University1.edu/ResearchGroup0
33421,http://www.Department5.University1.edu/ResearchGroup2
33433,http://www.Department5.University1.edu/ResearchGroup14
34591,http://www.Department6.University1.edu/ResearchGroup7
35777,http://www.Department7.University1.edu/ResearchGroup0
36787,http://www.Department8.University1.edu/ResearchGroup2
37909,http://www.Department9.University1.edu/ResearchGroup2
38956,http://www.Department0.University2.edu/ResearchGroup2
38968,http://www.Department0.University2.edu/ResearchGroup14
40020,http://www.Department1.University2.edu/ResearchGroup11
41039,http://www.Department10.University2.edu/ResearchGroup8
42146,http://www.Department11.University2.edu/ResearchGroup2
43278,http://www.Department12.University2.edu/ResearchGroup1
43290,http://www.Department12.University2.edu/ResearchGroup13
44423,http://www.Department13.University2.edu/ResearchGroup5
44435,http://www.Department13.University2.edu/ResearchGroup17
45510,http://www.Department14.University2.edu/ResearchGroup10
46441,http://www.Department15.University2.edu/ResearchGroup9
47449,http://www.Department2.University2.edu/ResearchGroup6
48467,http://www.Department3.University2.edu/ResearchGroup7
49479,http://www.Department4.University2.edu/ResearchGroup3
49491,http://www.Department4.University2.edu/ResearchGroup15
50670,http://www.Department5.University2.edu/ResearchGroup7
51758,http://www.Department6.University2.edu/ResearchGroup0
51770,http://www.Department6.University2.edu/ResearchGroup12
52823,http://www.Department7.University2.edu/ResearchGroup4
54063,http://www.Department8.University2.edu/ResearchGroup6
55261,http://www.Department9.University2.edu/ResearchGroup8
56351,http://www.Department0.University3.edu/ResearchGroup6
57399,http://www.Department1.University3.edu/ResearchGroup0
57411,http://www.Department1.University3.edu/ResearchGroup12
58463,http://www.Department10.University3.edu/ResearchGroup4
59581,http://www.Department11.University3.edu/ResearchGroup6
60829,http://www.Department12.University3.edu/ResearchGroup4
61973,http://www.Department13.University3.edu/ResearchGroup5
62941,http://www.Department14.University3.edu/ResearchGroup3
63905,http://www.Department15.University3.edu/ResearchGroup1
65051,http://www.Department16.University3.edu/ResearchGroup3
66193,http://www.Department17.University3.edu/ResearchGroup5
67247,http://www.Department18.University3.edu/ResearchGroup6
68299,http://www.Department19.University3.edu/ResearchGroup8
69275,http://www.Department2.University3.edu/ResearchGroup3
70203,http://www.Department20.University3.edu/ResearchGroup4
71254,http://www.Department3.University3.edu/ResearchGroup0
71266,http://www.Department3.University3.edu/ResearchGroup12
72393,http://www.Department4.University3.edu/ResearchGroup4
72405,http://www.Department4.University3.edu/ResearchGroup16
73530,http://www.Department5.University3.edu/ResearchGroup9
75835,http://www.Department7.University3.edu/ResearchGroup0
75847,http://www.Department7.University3.edu/ResearchGroup12
77028,http://www.Department8.University3.edu/ResearchGroup10
78166,http://www.Department9.University3.edu/ResearchGroup3
1090,http://www.Department0.University0.edu/ResearchGroup5
2360,http://www.Department1.University0.edu/ResearchGroup7
3586,http://www.Department10.University0.edu/ResearchGroup0
3598,http://www.Department10.University0.edu/ResearchGroup12
4805,http://www.Department11.University0.edu/ResearchGroup9
5969,http://www.Department12.University0.edu/ResearchGroup8
7212,http://www.Department13.University0.edu/ResearchGroup9
8180,http://www.Department14.University0.edu/ResearchGroup8
9214,http://www.Department2.University0.edu/ResearchGroup8
10253,http://www.Department3.University0.edu/ResearchGroup7
11398,http://www.Department4.University0.edu/ResearchGroup1
11410,http://www.Department4.University0.edu/ResearchGroup13
12484,http://www.Department5.University0.edu/ResearchGroup5
13460,http://www.Department6.University0.edu/ResearchGroup3
13472,http://www.Department6.University0.edu/ResearchGroup15
14615,http://www.Department7.University0.edu/ResearchGroup11
15786,http://www.Department8.University0.edu/ResearchGroup3
15798,http://www.Department8.University0.edu/ResearchGroup15
16818,http://www.Department9.University0.edu/ResearchGroup9
17730,http://www.Department0.University1.edu/ResearchGroup9
18875,http://www.Department1.University1.edu/ResearchGroup7
19923,http://www.Department10.University1.edu/ResearchGroup8
20856,http://www.Department11.University1.edu/ResearchGroup3
20868,http://www.Department11.University1.edu/ResearchGroup15
21952,http://www.Department12.University1.edu/ResearchGroup10
23212,http://www.Department13.University1.edu/ResearchGroup8
24305,http://www.Department14.University1.edu/ResearchGroup0
24317,http://www.Department14.University1.edu/ResearchGroup12
25419,http://www.Department15.University1.edu/ResearchGroup6
26661,http://www.Department16.University1.edu/ResearchGroup0
26673,http://www.Department16.University1.edu/ResearchGroup12
27770,http://www.Department17.University1.edu/ResearchGroup6
27782,http://www.Department17.University1.edu/ResearchGroup18
28781,http://www.Department18.University1.edu/ResearchGroup11
29930,http://www.Department2.University1.edu/ResearchGroup8
31134,http://www.Department3.University1.edu/ResearchGroup4
32192,http://www.Department4.University1.edu/ResearchGroup1
33422,http://www.Department5.University1.edu/ResearchGroup3
33434,http://www.Department5.University1.edu/ResearchGroup15
34592,http://www.Department6.University1.edu/ResearchGroup8
35778,http://www.Department7.University1.edu/ResearchGroup1
36788,http://www.Department8.University1.edu/ResearchGroup3
37910,http://www.Department9.University1.edu/ResearchGroup3
38957,http://www.Department0.University2.edu/ResearchGroup3
40009,http://www.Department1.University2.edu/ResearchGroup0
40021,http://www.Department1.University2.edu/ResearchGroup12
41040,http://www.Department10.University2.edu/ResearchGroup9
42147,http://www.Department11.University2.edu/ResearchGroup3
43279,http://www.Department12.University2.edu/ResearchGroup2
43291,http://www.Department12.University2.edu/ResearchGroup14
44424,http://www.Department13.University2.edu/ResearchGroup6
44436,http://www.Department13.University2.edu/ResearchGroup18
45511,http://www.Department14.University2.edu/ResearchGroup11
46442,http://www.Department15.University2.edu/ResearchGroup10
47450,http://www.Department2.University2.edu/ResearchGroup7
48468,http://www.Department3.University2.edu/ResearchGroup8
49480,http://www.Department4.University2.edu/ResearchGroup4
49492,http://www.Department4.University2.edu/ResearchGroup16
50671,http://www.Department5.University2.edu/ResearchGroup8
51759,http://www.Department6.University2.edu/ResearchGroup1
51771,http://www.Department6.University2.edu/ResearchGroup13
52824,http://www.Department7.University2.edu/ResearchGroup5
54064,http://www.Department8.University2.edu/ResearchGroup7
55262,http://www.Department9.University2.edu/ResearchGroup9
56352,http://www.Department0.University3.edu/ResearchGroup7
57400,http://www.Department1.University3.edu/ResearchGroup1
57412,http://www.Department1.University3.edu/ResearchGroup13
58464,http://www.Department10.University3.edu/ResearchGroup5
59582,http://www.Department11.University3.edu/ResearchGroup7
60830,http://www.Department12.University3.edu/ResearchGroup5
61974,http://www.Department13.University3.edu/ResearchGroup6
62942,http://www.Department14.University3.edu/ResearchGroup4
63906,http://www.Department15.University3.edu/ResearchGroup2
65052,http://www.Department16.University3.edu/ResearchGroup4
66194,http://www.Department17.University3.edu/ResearchGroup6
67248,http://www.Department18.University3.edu/ResearchGroup7
68300,http://www.Department19.University3.edu/ResearchGroup9
69276,http://www.Department2.University3.edu/ResearchGroup4
70204,http://www.Department20.University3.edu/ResearchGroup5
71255,http://www.Department3.University3.edu/ResearchGroup1
71267,http://www.Department3.University3.edu/ResearchGroup13
72394,http://www.Department4.University3.edu/ResearchGroup5
72406,http://www.Department4.University3.edu/ResearchGroup17
74585,http://www.Department6.University3.edu/ResearchGroup0
75836,http://www.Department7.University3.edu/ResearchGroup1
75848,http://www.Department7.University3.edu/ResearchGroup13
77029,http://www.Department8.University3.edu/ResearchGroup11
78167,http://www.Department9.University3.edu/ResearchGroup4
1093,http://www.Department0.University0.edu/ResearchGroup8
2363,http://www.Department1.University0.edu/ResearchGroup10
3589,http://www.Department10.University0.edu/ResearchGroup3
4796,http://www.Department11.University0.edu/ResearchGroup0
4808,http://www.Department11.University0.edu/ResearchGroup12
7203,http://www.Department13.University0.edu/ResearchGroup0
7215,http://www.Department13.University0.edu/ResearchGroup12
8183,http://www.Department14.University0.edu/ResearchGroup11
9217,http://www.Department2.University0.edu/ResearchGroup11
10256,http://www.Department3.University0.edu/ResearchGroup10
11401,http://www.Department4.University0.edu/ResearchGroup4
11413,http://www.Department4.University0.edu/ResearchGroup16
12487,http://www.Department5.University0.edu/ResearchGroup8
13463,http://www.Department6.University0.edu/ResearchGroup6
14606,http://www.Department7.University0.edu/ResearchGroup2
14618,http://www.Department7.University0.edu/ResearchGroup14
15789,http://www.Department8.University0.edu/ResearchGroup6
16809,http://www.Department9.University0.edu/ResearchGroup0
17721,http://www.Department0.University1.edu/ResearchGroup0
17733,http://www.Department0.University1.edu/ResearchGroup12
18878,http://www.Department1.University1.edu/ResearchGroup10
19926,http://www.Department10.University1.edu/ResearchGroup11
20859,http://www.Department11.University1.edu/ResearchGroup6
21943,http://www.Department12.University1.edu/ResearchGroup1
21955,http://www.Department12.University1.edu/ResearchGroup13
23215,http://www.Department13.University1.edu/ResearchGroup11
24308,http://www.Department14.University1.edu/ResearchGroup3
24320,http://www.Department14.University1.edu/ResearchGroup15
25422,http://www.Department15.University1.edu/ResearchGroup9
26664,http://www.Department16.University1.edu/ResearchGroup3
26676,http://www.Department16.University1.edu/ResearchGroup15
27773,http://www.Department17.University1.edu/ResearchGroup9
28772,http://www.Department18.University1.edu/ResearchGroup2
28784,http://www.Department18.University1.edu/ResearchGroup14
29933,http://www.Department2.University1.edu/ResearchGroup11
31137,http://www.Department3.University1.edu/ResearchGroup7
32195,http://www.Department4.University1.edu/ResearchGroup4
33425,http://www.Department5.University1.edu/ResearchGroup6
33437,http://www.Department5.University1.edu/ResearchGroup18
34595,http://www.Department6.University1.edu/ResearchGroup11
35781,http://www.Department7.University1.edu/ResearchGroup4
36791,http://www.Department8.University1.edu/ResearchGroup6
37913,http://www.Department9.University1.edu/ResearchGroup6
38960,http://www.Department0.University2.edu/ResearchGroup6
40012,http://www.Department1.University2.edu/ResearchGroup3
41031,http://www.Department10.University2.edu/ResearchGroup0
41043,http://www.Department10.University2.edu/ResearchGroup12
42150,http://www.Department11.University2.edu/ResearchGroup6
43282,http://www.Department12.University2.edu/ResearchGroup5
43294,http://www.Department12.University2.edu/ResearchGroup17
44427,http://www.Department13.University2.edu/ResearchGroup9
45502,http://www.Department14.University2.edu/ResearchGroup2
46433,http://www.Department15.University2.edu/ResearchGroup1
46445,http://www.Department15.University2.edu/ResearchGroup13
47453,http://www.Department2.University2.edu/ResearchGroup10
48471,http://www.Department3.University2.edu/ResearchGroup11
49483,http://www.Department4.University2.edu/ResearchGroup7
49495,http://www.Department4.University2.edu/ResearchGroup19
50674,http://www.Department5.University2.edu/ResearchGroup11
51762,http://www.Department6.University2.edu/ResearchGroup4
51774,http://www.Department6.University2.edu/ResearchGroup16
52827,http://www.Department7.University2.edu/ResearchGroup8
55253,http://www.Department9.University2.edu/ResearchGroup0
55265,http://www.Department9.University2.edu/ResearchGroup12
56355,http://www.Department0.University3.edu/ResearchGroup10
57403,http://www.Department1.University3.edu/ResearchGroup4
57415,http://www.Department1.University3.edu/ResearchGroup16
58467,http://www.Department10.University3.edu/ResearchGroup8
59585,http://www.Department11.University3.edu/ResearchGroup10
60833,http://www.Department12.University3.edu/ResearchGroup8
61977,http://www.Department13.University3.edu/ResearchGroup9
62945,http://www.Department14.University3.edu/ResearchGroup7
63909,http://www.Department15.University3.edu/ResearchGroup5
65055,http://www.Department16.University3.edu/ResearchGroup7
66197,http://www.Department17.University3.edu/ResearchGroup9
68291,http://www.Department19.University3.edu/ResearchGroup0
68303,http://www.Department19.University3.edu/ResearchGroup12
69279,http://www.Department2.University3.edu/ResearchGroup7
70207,http://www.Department20.University3.edu/ResearchGroup8
71258,http://www.Department3.University3.edu/ResearchGroup4
71270,http://www.Department3.University3.edu/ResearchGroup16
72397,http://www.Department4.University3.edu/ResearchGroup8
73522,http://www.Department5.University3.edu/ResearchGroup1
74588,http://www.Department6.University3.edu/ResearchGroup3
75839,http://www.Department7.University3.edu/ResearchGroup4
77020,http://www.Department8.University3.edu/ResearchGroup2
77032,http://www.Department8.University3.edu/ResearchGroup14
78170,http://www.Department9.University3.edu/ResearchGroup7
1088,http://www.Department0.University0.edu/ResearchGroup3
2358,http://www.Department1.University0.edu/ResearchGroup5
2370,http://www.Department1.University0.edu/ResearchGroup17
3596,http://www.Department10.University0.edu/ResearchGroup10
4803,http://www.Department11.University0.edu/ResearchGroup7
5967,http://www.Department12.University0.edu/ResearchGroup6
7210,http://www.Department13.University0.edu/ResearchGroup7
8178,http://www.Department14.University0.edu/ResearchGroup6
9212,http://www.Department2.University0.edu/ResearchGroup6
10251,http://www.Department3.University0.edu/ResearchGroup5
10263,http://www.Department3.University0.edu/ResearchGroup17
11408,http://www.Department4.University0.edu/ResearchGroup11
12482,http://www.Department5.University0.edu/ResearchGroup3
13458,http://www.Department6.University0.edu/ResearchGroup1
13470,http://www.Department6.University0.edu/ResearchGroup13
14613,http://www.Department7.University0.edu/ResearchGroup9
15784,http://www.Department8.University0.edu/ResearchGroup1
15796,http://www.Department8.University0.edu/ResearchGroup13
16816,http://www.Department9.University0.edu/ResearchGroup7
17728,http://www.Department0.University1.edu/ResearchGroup7
18873,http://www.Department1.University1.edu/ResearchGroup5
19921,http://www.Department10.University1.edu/ResearchGroup6
20854,http://www.Department11.University1.edu/ResearchGroup1
20866,http://www.Department11.University1.edu/ResearchGroup13
21950,http://www.Department12.University1.edu/ResearchGroup8
23210,http://www.Department13.University1.edu/ResearchGroup6
23222,http://www.Department13.University1.edu/ResearchGroup18
24315,http://www.Department14.University1.edu/ResearchGroup10
25417,http://www.Department15.University1.edu/ResearchGroup4
25429,http://www.Department15.University1.edu/ResearchGroup16
26671,http://www.Department16.University1.edu/ResearchGroup10
27768,http://www.Department17.University1.edu/ResearchGroup4
27780,http://www.Department17.University1.edu/ResearchGroup16
28779,http://www.Department18.University1.edu/ResearchGroup9
29928,http://www.Department2.University1.edu/ResearchGroup6
31132,http://www.Department3.University1.edu/ResearchGroup2
31144,http://www.Department3.University1.edu/ResearchGroup14
33420,http://www.Department5.University1.edu/ResearchGroup1
33432,http://www.Department5.University1.edu/ResearchGroup13
34590,http://www.Department6.University1.edu/ResearchGroup6
34602,http://www.Department6.University1.edu/ResearchGroup18
36786,http://www.Department8.University1.edu/ResearchGroup1
37908,http://www.Department9.University1.edu/ResearchGroup1
38955,http://www.Department0.University2.edu/ResearchGroup1
38967,http://www.Department0.University2.edu/ResearchGroup13
40019,http://www.Department1.University2.edu/ResearchGroup10
41038,http://www.Department10.University2.edu/ResearchGroup7
42145,http://www.Department11.University2.edu/ResearchGroup1
43277,http://www.Department12.University2.edu/ResearchGroup0
43289,http://www.Department12.University2.edu/ResearchGroup12
44422,http://www.Department13.University2.edu/ResearchGroup4
44434,http://www.Department13.University2.edu/ResearchGroup16
45509,http://www.Department14.University2.edu/ResearchGroup9
46440,http://www.Department15.University2.edu/ResearchGroup8
47448,http://www.Department2.University2.edu/ResearchGroup5
48466,http://www.Department3.University2.edu/ResearchGroup6
49478,http://www.Department4.University2.edu/ResearchGroup2
49490,http://www.Department4.University2.edu/ResearchGroup14
50669,http://www.Department5.University2.edu/ResearchGroup6
50681,http://www.Department5.University2.edu/ResearchGroup18
51769,http://www.Department6.University2.edu/ResearchGroup11
52822,http://www.Department7.University2.edu/ResearchGroup3
54062,http://www.Department8.University2.edu/ResearchGroup5
55260,http://www.Department9.University2.edu/ResearchGroup7
56350,http://www.Department0.University3.edu/ResearchGroup5
56362,http://www.Department0.University3.edu/ResearchGroup17
57410,http://www.Department1.University3.edu/ResearchGroup11
58462,http://www.Department10.University3.edu/ResearchGroup3
59580,http://www.Department11.University3.edu/ResearchGroup5
60828,http://www.Department12.University3.edu/ResearchGroup3
61972,http://www.Department13.University3.edu/ResearchGroup4
62940,http://www.Department14.University3.edu/ResearchGroup2
63904,http://www.Department15.University3.edu/ResearchGroup0
65050,http://www.Department16.University3.edu/ResearchGroup2
66192,http://www.Department17.University3.edu/ResearchGroup4
67246,http://www.Department18.University3.edu/ResearchGroup5
68298,http://www.Department19.University3.edu/ResearchGroup7
69274,http://www.Department2.University3.edu/ResearchGroup2
70202,http://www.Department20.University3.edu/ResearchGroup3
70214,http://www.Department20.University3.edu/ResearchGroup15
71265,http://www.Department3.University3.edu/ResearchGroup11
72392,http://www.Department4.University3.edu/ResearchGroup3
72404,http://www.Department4.University3.edu/ResearchGroup15
73529,http://www.Department5.University3.edu/ResearchGroup8
74595,http://www.Department6.University3.edu/ResearchGroup10
75846,http://www.Department7.University3.edu/ResearchGroup11
77027,http://www.Department8.University3.edu/ResearchGroup9
78165,http://www.Department9.University3.edu/ResearchGroup2
78177,http://www.Department9.University3.edu/ResearchGroup14
